<?xml version="1.0" encoding="UTF-8"?>
<!DOCTYPE configuration
  PUBLIC "-//mybatis.org//DTD Config 3.0//EN"
  "http://mybatis.org/dtd/mybatis-3-config.dtd">
<configuration>
		
	<typeAliases>
		<typeAlias type="java.lang.String" alias="str"/>
		<typeAlias type="java.lang.Integer" alias="int"/>
		
		<typeAlias type="com.spring.dto.MemberVO" alias="member"/>
						
		<typeAlias type="com.spring.dto.BoardVO" alias="board"/>
		<typeAlias type="com.spring.dto.ReplyVO" alias="reply"/>
		
		<typeAlias type="com.spring.dto.PdsVO" alias="pds"/>
		<typeAlias type="com.spring.dto.AttachVO" alias="attach"/>
		
		<typeAlias type="com.spring.request.SearchCriteria" alias="cri"/>
		
	</typeAliases>
	
	
</configuration>


