<?xml version="1.0" encoding="UTF-8"?>
<beans xmlns="http://www.springframework.org/schema/beans"
	xmlns:xsi="http://www.w3.org/2001/XMLSchema-instance"
	xmlns:p="http://www.springframework.org/schema/p"
	xsi:schemaLocation="http://www.springframework.org/schema/beans http://www.springframework.org/schema/beans/spring-beans.xsd">

	
	<bean id="memberDAO"
	      class="com.spring.dao.MemberDAOImpl"
	      p:sqlSession-ref="sqlSession"
	      />	      
	<bean id="boardDAO"
	      class="com.spring.dao.BoardDAOImpl"
	      p:sqlSession-ref="sqlSession"
	      />
	<bean id="replyDAO"
	      class="com.spring.dao.ReplyDAOImpl"
	      p:sqlSession-ref="sqlSession"
	      />	      
	      
	<bean id="pdsDAO"
	      class="com.spring.dao.PdsDAOImpl"
	      p:sqlSession-ref="sqlSession"
	      />
	<bean id="attachDAO"
	      class="com.spring.dao.AttachDAOImpl"
	      p:sqlSession-ref="sqlSession"
	      />
	      
	<bean id="memberService"
	      class="com.spring.service.MemberServiceImpl"
	      p:memberDAO-ref="memberDAO"
	      />
	            
	<bean id="boardSevice"
	      class="com.spring.service.BoardServiceImpl"
	      p:boardDAO-ref="boardDAO"
	      p:replyDAO-ref="replyDAO"
	      />      
	<bean id="pdsService"
	      class="com.spring.service.PdsServiceImpl"
	      p:pdsDAO-ref="pdsDAO"
	      p:attachDAO-ref="attachDAO"
	      />
	
	<bean id="replyService"
	      class="com.spring.service.ReplyServiceImpl"
	      p:replyDAO-ref="replyDAO"
	      />
</beans>
